<?xml version="1.0" encoding="UTF-8"?>
<project-private xmlns="http://www.netbeans.org/ns/project-private/1">
    <editor-bookmarks xmlns="http://www.netbeans.org/ns/editor-bookmarks/2" lastBookmarkId="0"/>
    <open-files xmlns="http://www.netbeans.org/ns/projectui-open-files/2">
        <group>
            <file>file:/C:/Users/sabas/Documents/NetBeansProjects/StudentManagementSystem/test/studentmanagementsystem/StudentTest.java</file>
            <file>file:/C:/Users/sabas/Documents/NetBeansProjects/StudentManagementSystem/src/studentmanagementsystem/Student.java</file>
            <file>file:/C:/Users/sabas/Documents/NetBeansProjects/StudentManagementSystem/src/studentmanagementsystem/StudentManagementSystem.java</file>
            <file>file:/C:/Users/sabas/Documents/NetBeansProjects/StudentManagementSystem/src/studentmanagementsystem/StudentManager.java</file>
        </group>
    </open-files>
</project-private>
